cell_id,area,perimeter,centroid_y,centroid_x,eccentricity,orientation_rad,major_axis_length,minor_axis_length
1,302.0,70.42640687119285,19.519867549668874,202.65562913907286,0.669025136382166,-1.2935090643628508,23.495446257011842,17.462750248807954
2,466.0,90.32590180780451,53.012875536480685,47.70600858369099,0.8534127975509848,0.5354522981143529,34.660962933951026,18.06652934984119
3,174.0,62.9350288425444,70.22413793103448,251.89655172413794,0.9372902735119801,-0.04422362914162412,26.57359217060159,9.262219477744564
4,89.0,42.04163056034261,68.56179775280899,146.42696629213484,0.8199671374449173,0.11269398050110847,15.748819023842422,9.014790926342197
5,346.0,75.35533905932738,90.55491329479769,140.65028901734104,0.8186397203851075,-1.064657376148403,28.09312536202499,16.134090237335297
6,914.0,134.8111831820431,144.7308533916849,202.60065645514223,0.759529171992386,1.0351155529384082,43.501651061806825,28.2966599428368
7,205.0,54.526911934581186,189.9121951219512,84.79512195121951,0.6255145744696144,0.9760600740569392,18.59338816850834,14.506793532426435
8,240.0,62.526911934581186,194.82916666666668,15.108333333333333,0.7212418620041765,-0.22628520089126516,21.648828735246195,14.995782479409215
9,278.0,64.5269119345812,233.86330935251797,146.3453237410072,0.5239897231423977,0.40199958915655015,20.799482377163404,17.715430512360403
