cell_id,nuc_y,nuc_x,golgi_y,golgi_x,polarity_dx,polarity_dy,polarity_angle_deg,polarity_alignment_deg,polarity_length
1,41.80754716981132,204.1761006289308,19.40625,202.47265625,-1.7034443789308114,-22.401297169811322,265.65147048869443,85.65147048869443,22.465970658805457
2,52.4769975786925,68.88135593220339,53.05167958656331,47.679586563307495,-21.201769368895896,0.5746820078708126,178.44735631309376,1.5526436869062366,21.209556425866683
3,43.42338709677419,251.63306451612902,71.32142857142857,251.95714285714286,0.3240783410138306,27.898041474654377,89.33445198903107,89.33445198903107,27.899923743491666
4,71.49785407725322,140.9793991416309,68.39393939393939,146.5,5.520600858369107,-3.103914683313832,330.65346897988917,29.34653102011083,6.33334984022807
5,71.49785407725322,140.9793991416309,90.53627760252365,140.7665615141956,-0.21283762743530588,19.03842352527043,90.64050417677966,89.35949582322034,19.03961318365536
6,134.10594795539035,195.55762081784385,144.91826309067687,203.05874840357598,7.501127585732121,10.812315135286525,55.248720426439625,55.248720426439625,13.159524065944689
7,180.5729303547963,104.97371879106439,190.13372093023256,84.84302325581395,-20.13069553525044,9.560790575436243,154.59527719348637,25.404722806513632,22.28572680350144
8,197.63476070528966,33.98362720403023,194.79126213592232,15.145631067961165,-18.837996136069062,-2.843498569367341,188.5837031228054,8.583703122805389,19.05139319148463
9,225.8380829015544,169.4818652849741,233.944,146.264,-23.217865284974096,8.105917098445587,160.75467284954394,19.245327150456063,24.592176812923206
